more_90_days_overdue,using_lines_not_secured_personal_assets,number_times_delayed_payment_loan_30_59_days,debt_ratio,number_times_delayed_payment_loan_60_89_days,default_flag,user_id,age,sex,last_month_salary,number_dependents,loan_id,loan_type,Q1,Q3,salary_outlier
0,0,0,0,0,0,22147,21,M,820,0,202007,OTHER,3950,9004,NORMAL
0,0,0,0,0,0,26170,21,F,1,0,231853,OTHER,3950,9004,NORMAL
0,"0,9999999",0,0,0,0,9754,21,M,854,0,108839,OTHER,3950,9004,NORMAL
0,0,0,0,0,0,22147,21,M,820,0,202008,OTHER,3950,9004,NORMAL
0,0,0,0,0,0,12520,21,M,0,0,129490,OTHER,3950,9004,NORMAL
98,"0,9999999",98,0,98,0,865,21,M,867,0,,,3950,9004,NORMAL
0,0,0,0,0,0,13372,21,M,2000,0,135868,OTHER,3950,9004,NORMAL
0,"0,9999999",0,0,0,0,8870,21,F,,,102178,OTHER,3950,9004,NORMAL
0,0,0,0,0,0,26170,21,F,1,0,231854,OTHER,3950,9004,NORMAL
0,0,0,0,0,0,15009,21,M,1,1,148108,OTHER,3950,9004,NORMAL
0,0,0,0,0,0,16848,21,M,0,0,161895,OTHER,3950,9004,NORMAL
0,"0,017964072",0,0,0,0,24559,21,F,0,0,219935,OTHER,3950,9004,NORMAL
98,"0,9999999",98,0,98,0,24483,21,M,,,,,3950,9004,NORMAL
98,"0,9999999",98,0,98,0,3108,21,M,,0,,,3950,9004,NORMAL
0,"0,9999999",0,0,0,0,35630,21,F,700,0,302618,OTHER,3950,9004,NORMAL
0,0,0,0,0,0,15684,21,F,,0,153249,OTHER,3950,9004,NORMAL
0,0,0,0,0,0,17258,21,F,845,0,164986,OTHER,3950,9004,NORMAL
0,"0,9999999",0,0,0,0,14999,21,F,0,0,,,3950,9004,NORMAL
0,"0,017269587",0,2,0,0,4012,21,M,0,0,65847,OTHER,3950,9004,NORMAL
0,"0,017269587",0,2,0,0,4012,21,M,0,0,65848,OTHER,3950,9004,NORMAL
0,"0,9999999",0,8,0,0,28122,21,M,,,,,3950,9004,NORMAL
0,"0,445078459",0,9,0,0,2932,21,M,,0,57855,OTHER,3950,9004,NORMAL
0,"0,816367265",0,12,0,0,28075,21,M,,,246054,OTHER,3950,9004,NORMAL
0,"0,9999999",0,34,0,0,18682,21,M,,0,175682,OTHER,3950,9004,NORMAL
0,"0,9999999",0,112,0,0,33474,21,M,,,286817,OTHER,3950,9004,NORMAL
0,"0,974392418",0,672,0,0,2303,21,M,,0,53109,OTHER,3950,9004,NORMAL
0,"0,9999999",0,307,0,0,18876,21,F,,,,,3950,9004,NORMAL
0,"0,9999999",0,"0,176043557",0,0,4732,21,M,550,0,71159,OTHER,3950,9004,NORMAL
0,"0,898203593",0,"0,005369682",0,0,22623,21,M,2420,0,205512,OTHER,3950,9004,NORMAL
0,"0,36963037",0,"0,010989011",0,0,27733,21,F,1000,0,243536,OTHER,3950,9004,NORMAL
0,0,0,"0,061290323",0,0,20846,21,F,929,0,192074,OTHER,3950,9004,NORMAL
0,0,0,"0,061290323",0,0,20846,21,F,929,0,192073,OTHER,3950,9004,NORMAL
0,"0,686654909",0,"0,037663336",0,0,16574,21,M,1300,0,159972,OTHER,3950,9004,NORMAL
0,"0,686654909",0,"0,037663336",0,0,16574,21,M,1300,0,159971,OTHER,3950,9004,NORMAL
0,"0,321357285",0,"0,000412925",0,0,5381,21,F,9686,0,75924,OTHER,3950,9004,NORMAL
0,"0,321357285",0,"0,000412925",0,0,5381,21,F,9686,0,75925,OTHER,3950,9004,NORMAL
0,"0,626674665",0,"0,107507774",0,0,35429,21,M,2250,2,301111,OTHER,3950,9004,NORMAL
0,"1,107892108",0,"0,008247938",0,0,280,21,M,4000,0,38502,OTHER,3950,9004,NORMAL
0,"1,107892108",0,"0,008247938",0,0,280,21,M,4000,0,38501,OTHER,3950,9004,NORMAL
0,"0,512479201",0,"0,101460415",0,0,18209,21,M,1300,0,172138,OTHER,3950,9004,NORMAL
0,"0,9999999",0,"0,070743405",0,0,9884,21,F,833,0,,,3950,9004,NORMAL
0,"0,101123596",0,"0,001458789",0,0,24324,21,F,1370,0,218230,OTHER,3950,9004,NORMAL
0,"0,101123596",0,"0,001458789",0,0,24324,21,F,1370,0,218229,OTHER,3950,9004,NORMAL
0,"0,289421158",0,"0,001211754",0,0,3985,21,M,3300,0,65661,OTHER,3950,9004,NORMAL
0,"0,074923344",0,"0,028423773",0,0,10438,21,F,1160,0,113998,OTHER,3950,9004,NORMAL
0,"0,074923344",0,"0,028423773",0,0,10438,21,F,1160,0,113997,OTHER,3950,9004,NORMAL
0,"0,074923344",0,"0,028423773",0,0,10438,21,F,1160,0,113996,OTHER,3950,9004,NORMAL
0,"0,602794411",0,"0,884735202",0,0,2966,21,F,641,0,58116,OTHER,3950,9004,NORMAL
0,"0,602794411",0,"0,884735202",0,0,2966,21,F,641,0,58114,OTHER,3950,9004,NORMAL
0,"0,602794411",0,"0,884735202",0,0,2966,21,F,641,0,58115,OTHER,3950,9004,NORMAL
0,"0,9999999",0,0,0,0,19053,22,F,820,0,178377,OTHER,3950,9004,NORMAL
0,0,0,0,0,0,33917,22,M,820,0,290074,OTHER,3950,9004,NORMAL
0,"0,9999999",0,0,0,0,14767,22,M,,0,,,3950,9004,NORMAL
98,"0,9999999",98,0,98,0,20824,22,F,4500,0,,,3950,9004,NORMAL
98,"0,9999999",98,0,98,0,31904,22,F,0,0,,,3950,9004,NORMAL
0,"0,003998001",0,0,0,0,34618,22,F,929,0,295367,OTHER,3950,9004,NORMAL
0,"0,018981019",0,0,0,0,18697,22,M,1600,0,175783,OTHER,3950,9004,NORMAL
0,0,0,0,0,0,1792,22,M,864,0,49304,OTHER,3950,9004,NORMAL
0,"0,015968064",0,0,0,0,12603,22,M,929,0,130069,OTHER,3950,9004,NORMAL
0,0,0,0,0,0,19143,22,M,820,0,179063,OTHER,3950,9004,NORMAL
0,0,0,0,0,0,21860,22,M,929,0,199885,OTHER,3950,9004,NORMAL
0,"0,9999999",0,0,0,0,35568,22,M,1600,0,,,3950,9004,NORMAL
0,"0,9999999",0,0,0,0,33270,22,F,,0,285250,OTHER,3950,9004,NORMAL
0,"0,005996003",0,0,0,0,31952,22,M,929,0,275461,OTHER,3950,9004,NORMAL
0,"0,9999999",0,0,0,0,30240,22,M,929,0,262612,OTHER,3950,9004,NORMAL
0,"0,9999999",0,0,0,0,7779,22,F,100,0,93986,OTHER,3950,9004,NORMAL
98,"0,9999999",98,0,98,0,26354,22,M,,0,,,3950,9004,NORMAL
0,"0,005996003",0,0,0,0,31952,22,M,929,0,275460,OTHER,3950,9004,NORMAL
98,"0,9999999",98,0,98,0,12771,22,M,,,,,3950,9004,NORMAL
98,"0,9999999",98,0,98,0,17431,22,M,,0,,,3950,9004,NORMAL
0,0,0,0,0,0,24166,22,F,820,0,217061,OTHER,3950,9004,NORMAL
0,0,0,0,0,0,1792,22,M,864,0,49305,OTHER,3950,9004,NORMAL
0,"0,9999999",0,0,0,0,24115,22,M,3600,0,216637,OTHER,3950,9004,NORMAL
0,0,0,0,0,0,33153,22,F,820,0,284342,OTHER,3950,9004,NORMAL
0,0,0,0,0,0,17714,22,M,2745,0,168233,OTHER,3950,9004,NORMAL
0,"0,9999999",0,0,0,0,23737,22,M,820,0,213902,OTHER,3950,9004,NORMAL
0,"0,9999999",0,0,0,0,7825,22,M,820,0,94307,OTHER,3950,9004,NORMAL
0,0,0,0,0,0,33153,22,F,820,0,284341,OTHER,3950,9004,NORMAL
0,0,0,0,0,0,21860,22,M,929,0,199884,OTHER,3950,9004,NORMAL
0,"0,9999999",0,0,0,0,14112,22,M,0,0,141455,OTHER,3950,9004,NORMAL
0,"0,9999999",0,0,0,0,34674,22,M,1000,0,295732,OTHER,3950,9004,NORMAL
0,"0,003998001",0,0,0,0,34618,22,F,929,0,295366,OTHER,3950,9004,NORMAL
0,"0,9999999",0,0,0,0,26111,22,M,1400,0,231404,OTHER,3950,9004,NORMAL
0,"0,003998001",0,0,0,0,34618,22,F,929,0,295369,OTHER,3950,9004,NORMAL
98,"0,9999999",98,0,98,0,23057,22,M,,0,,,3950,9004,NORMAL
0,"0,9999999",0,0,0,0,30541,22,F,2500,0,,,3950,9004,NORMAL
0,0,0,0,0,0,17714,22,M,2745,0,168232,OTHER,3950,9004,NORMAL
0,0,0,0,0,0,13479,22,F,1500,0,136713,OTHER,3950,9004,NORMAL
0,"0,0499002",0,0,0,0,20779,22,F,0,0,191569,OTHER,3950,9004,NORMAL
0,"0,051896208",0,0,0,0,6546,22,F,704,0,84500,OTHER,3950,9004,NORMAL
0,"0,9999999",0,0,0,0,6923,22,M,7370,0,87400,OTHER,3950,9004,NORMAL
0,"0,9999999",0,0,0,0,7457,22,M,0,0,,,3950,9004,NORMAL
0,"0,003998001",0,0,0,0,34618,22,F,929,0,295368,OTHER,3950,9004,NORMAL
0,0,0,0,0,0,33917,22,M,820,0,290075,OTHER,3950,9004,NORMAL
0,"0,9999999",0,0,0,0,32473,22,F,2133,0,,,3950,9004,NORMAL
0,0,0,0,0,0,31374,22,M,929,0,271135,OTHER,3950,9004,NORMAL
0,0,0,0,0,0,31374,22,M,929,0,271136,OTHER,3950,9004,NORMAL
0,0,0,0,0,0,13479,22,F,1500,0,136714,OTHER,3950,9004,NORMAL
0,0,0,0,0,0,24166,22,F,820,0,217060,OTHER,3950,9004,NORMAL
0,"0,003998001",0,0,0,0,34618,22,F,929,0,295370,OTHER,3950,9004,NORMAL
0,"0,074925075",0,2,0,0,4197,22,M,,0,67226,OTHER,3950,9004,NORMAL
0,"0,638722555",0,"4,5",0,0,25132,22,M,1,0,224081,OTHER,3950,9004,NORMAL
0,"0,638722555",0,"4,5",0,0,25132,22,M,1,0,224080,OTHER,3950,9004,NORMAL
0,"0,552894212",0,8,0,0,6309,22,M,0,0,82743,OTHER,3950,9004,NORMAL
0,"0,9999999",0,20,0,0,3683,22,M,,0,,,3950,9004,NORMAL
0,"0,148770246",0,22,0,0,20557,22,M,0,0,189853,OTHER,3950,9004,NORMAL
0,"0,309865276",0,23,0,0,13521,22,F,,0,137009,OTHER,3950,9004,NORMAL
0,"0,309865276",0,23,0,0,13521,22,F,,0,137007,OTHER,3950,9004,NORMAL
0,"0,309865276",0,23,0,0,13521,22,F,,0,137008,OTHER,3950,9004,NORMAL
0,"0,953046953",0,28,0,0,7628,22,M,0,0,92904,OTHER,3950,9004,NORMAL
0,"0,953046953",0,28,0,0,7628,22,M,0,0,92906,OTHER,3950,9004,NORMAL
0,"0,953046953",0,28,0,0,7628,22,M,0,0,92905,OTHER,3950,9004,NORMAL
0,"0,522477522",0,36,0,0,9696,22,F,0,0,108355,OTHER,3950,9004,NORMAL
0,"0,9999999",0,50,0,0,20487,22,M,,0,189373,OTHER,3950,9004,NORMAL
0,"0,9999999",0,50,0,0,20487,22,M,,0,189374,OTHER,3950,9004,NORMAL
0,"1,046976512",0,62,0,0,13819,22,F,,0,139292,OTHER,3950,9004,NORMAL
0,"0,129740519",0,"0,5",0,0,3904,22,F,1,0,65132,OTHER,3950,9004,NORMAL
0,"0,038961039",0,1,0,0,6865,22,M,0,0,86921,OTHER,3950,9004,NORMAL
0,"0,052434457",0,1,0,0,3319,22,F,,,60762,OTHER,3950,9004,NORMAL
0,"0,038961039",0,1,0,0,6865,22,M,0,0,86922,OTHER,3950,9004,NORMAL
0,"0,126245847",0,1,0,0,32951,22,M,,0,282853,OTHER,3950,9004,NORMAL
0,"0,9999999",0,97,0,0,12647,22,M,,0,,,3950,9004,NORMAL
0,"1,148955495",1,37,0,0,12666,22,F,,0,130552,OTHER,3950,9004,NORMAL
0,"1,148955495",1,37,0,0,12666,22,F,,0,130551,OTHER,3950,9004,NORMAL
0,"0,9999999",0,212,0,0,35417,22,M,,,301041,OTHER,3950,9004,NORMAL
0,"0,9999999",0,212,0,0,35417,22,M,,,301040,OTHER,3950,9004,NORMAL
0,"0,9999999",0,346,0,0,25469,22,M,,0,226709,OTHER,3950,9004,NORMAL
0,"1,035928144",0,"0,00394633",0,0,2822,22,M,3800,0,57025,OTHER,3950,9004,NORMAL
0,"1,043182727",0,"0,224462955",0,0,13011,22,M,2280,0,133283,OTHER,3950,9004,NORMAL
0,"1,043182727",0,"0,224462955",0,0,13011,22,M,2280,0,133282,OTHER,3950,9004,NORMAL
0,"1,043182727",0,"0,224462955",0,0,13011,22,M,2280,0,133281,OTHER,3950,9004,NORMAL
0,"0,03901711",0,"0,208306295",0,0,22396,22,F,1540,0,203847,OTHER,3950,9004,NORMAL
0,"0,03901711",0,"0,208306295",0,0,22396,22,F,1540,0,203853,OTHER,3950,9004,NORMAL
0,"0,03901711",0,"0,208306295",0,0,22396,22,F,1540,0,203850,OTHER,3950,9004,NORMAL
0,"0,03901711",0,"0,208306295",0,0,22396,22,F,1540,0,203849,OTHER,3950,9004,NORMAL
0,"0,03901711",0,"0,208306295",0,0,22396,22,F,1540,0,203848,OTHER,3950,9004,NORMAL
0,"0,03901711",0,"0,208306295",0,0,22396,22,F,1540,0,203851,OTHER,3950,9004,NORMAL
0,"0,03901711",0,"0,208306295",0,0,22396,22,F,1540,0,203852,OTHER,3950,9004,NORMAL
0,0,0,"0,007984032",0,0,3045,22,M,500,0,58768,OTHER,3950,9004,NORMAL
0,0,0,"0,007984032",0,0,3045,22,M,500,0,58769,OTHER,3950,9004,NORMAL
0,"0,9999999",0,"0,205661948",0,0,22193,22,F,1200,0,202329,OTHER,3950,9004,NORMAL
0,"0,9999999",0,"0,221462388",0,0,6011,22,M,1900,0,80470,OTHER,3950,9004,NORMAL
0,"0,462276726",0,"0,139930035",0,0,7661,22,F,2000,0,93154,OTHER,3950,9004,NORMAL
0,"0,462276726",0,"0,139930035",0,0,7661,22,F,2000,0,93153,OTHER,3950,9004,NORMAL
0,"0,462276726",0,"0,139930035",0,0,7661,22,F,2000,0,93155,OTHER,3950,9004,NORMAL
0,"0,462276726",0,"0,139930035",0,0,7661,22,F,2000,0,93156,OTHER,3950,9004,NORMAL
0,0,0,"0,700996678",0,0,19672,22,M,300,0,182983,OTHER,3950,9004,NORMAL
0,0,0,"0,700996678",0,0,19672,22,M,300,0,182984,OTHER,3950,9004,NORMAL
0,0,0,"0,700996678",0,0,19672,22,M,300,0,182986,OTHER,3950,9004,NORMAL
0,0,0,"0,700996678",0,0,19672,22,M,300,0,182985,OTHER,3950,9004,NORMAL
0,"0,035964036",0,"0,001075269",0,0,21372,22,M,929,0,196077,OTHER,3950,9004,NORMAL
0,"0,035964036",0,"0,001075269",0,0,21372,22,M,929,0,196078,OTHER,3950,9004,NORMAL
0,"0,9999999",0,"0,096423017",0,0,11173,22,F,4500,0,119399,OTHER,3950,9004,NORMAL
0,"0,9999999",0,"0,096423017",0,0,11173,22,F,4500,0,119398,OTHER,3950,9004,NORMAL
0,"0,341639748",0,"0,074423771",1,0,9076,22,F,3600,0,103826,OTHER,3950,9004,NORMAL
0,"0,341639748",0,"0,074423771",1,0,9076,22,F,3600,0,103827,OTHER,3950,9004,NORMAL
0,"0,341639748",0,"0,074423771",1,0,9076,22,F,3600,0,103823,OTHER,3950,9004,NORMAL
0,"0,341639748",0,"0,074423771",1,0,9076,22,F,3600,0,103824,OTHER,3950,9004,NORMAL
0,"0,341639748",0,"0,074423771",1,0,9076,22,F,3600,0,103825,OTHER,3950,9004,NORMAL
0,0,0,"0,139825218",0,0,2240,22,M,800,0,52667,OTHER,3950,9004,NORMAL
0,0,0,"0,139825218",0,0,2240,22,M,800,0,52666,OTHER,3950,9004,NORMAL
0,0,0,"0,051823417",0,0,30918,22,F,2083,0,267835,OTHER,3950,9004,NORMAL
0,"0,885114885",0,"0,027956989",0,0,23671,22,M,929,0,213400,OTHER,3950,9004,NORMAL
0,"0,137620793",0,"0,051217989",0,0,2501,22,F,1600,0,54563,OTHER,3950,9004,NORMAL
0,"0,137620793",0,"0,051217989",0,0,2501,22,F,1600,0,54564,OTHER,3950,9004,NORMAL
0,"0,9999999",0,"0,004497751",0,0,13965,22,M,2000,0,140402,OTHER,3950,9004,NORMAL
0,"0,9999999",0,"0,004497751",0,0,13965,22,M,2000,0,140401,OTHER,3950,9004,NORMAL
0,"0,9999999",0,"0,004497751",0,0,13965,22,M,2000,0,140403,OTHER,3950,9004,NORMAL
0,"0,9999999",0,"0,396617986",0,0,11082,22,M,1300,0,118758,OTHER,3950,9004,NORMAL
0,"0,9999999",0,"0,396617986",0,0,11082,22,M,1300,0,118759,OTHER,3950,9004,NORMAL
0,"0,9999999",0,"0,396617986",0,0,11082,22,M,1300,0,118760,OTHER,3950,9004,NORMAL
0,0,0,"0,012180268",0,0,24286,22,F,820,0,217965,OTHER,3950,9004,NORMAL
0,0,0,"0,012180268",0,0,24286,22,F,820,0,217966,OTHER,3950,9004,NORMAL
0,"0,635202665",0,"0,08478803",0,0,23035,22,M,400,0,208540,OTHER,3950,9004,NORMAL
0,"0,635202665",0,"0,08478803",0,0,23035,22,M,400,0,208541,OTHER,3950,9004,NORMAL
0,"0,304898367",0,"0,196535643",0,0,5465,22,M,1500,0,76517,OTHER,3950,9004,NORMAL
0,"0,304898367",0,"0,196535643",0,0,5465,22,M,1500,0,76518,OTHER,3950,9004,NORMAL
0,"0,304898367",0,"0,196535643",0,0,5465,22,M,1500,0,76519,OTHER,3950,9004,NORMAL
0,"0,9999999",0,"0,991452991",0,0,32341,22,F,350,0,278457,OTHER,3950,9004,NORMAL
1,"0,9999999",0,"0,132275132",0,0,34849,22,M,1700,0,296970,OTHER,3950,9004,NORMAL
0,"0,504983389",0,"0,007590133",0,0,21887,22,M,526,0,200044,OTHER,3950,9004,NORMAL
0,"0,091908092",0,"0,125437281",0,0,35688,22,M,2000,0,303134,OTHER,3950,9004,NORMAL
0,"0,091908092",0,"0,125437281",0,0,35688,22,M,2000,0,303133,OTHER,3950,9004,NORMAL
0,"0,08727515",0,"0,03423161",0,0,941,22,F,2745,0,43233,OTHER,3950,9004,NORMAL
0,"0,08727515",0,"0,03423161",0,0,941,22,F,2745,0,43232,OTHER,3950,9004,NORMAL
0,"0,08727515",0,"0,03423161",0,0,941,22,F,2745,0,43234,OTHER,3950,9004,NORMAL
0,"0,723793677",0,"0,006496752",0,0,17182,22,M,2000,0,164431,OTHER,3950,9004,NORMAL
0,"1,017982018",0,"0,077307564",0,0,33171,22,M,3000,0,284441,OTHER,3950,9004,NORMAL
0,"1,017982018",0,"0,077307564",0,0,33171,22,M,3000,0,284442,OTHER,3950,9004,NORMAL
0,"0,08991009",0,"0,006644518",0,0,34458,22,F,300,0,294223,OTHER,3950,9004,NORMAL
0,"0,952047952",0,"0,221852099",0,0,22115,22,M,1500,0,201717,OTHER,3950,9004,NORMAL
0,"0,952047952",0,"0,221852099",0,0,22115,22,M,1500,0,201716,OTHER,3950,9004,NORMAL
0,"0,952047952",0,"0,221852099",0,0,22115,22,M,1500,0,201718,OTHER,3950,9004,NORMAL
0,"0,9999999",0,"0,007308161",0,0,23577,22,M,820,0,212722,OTHER,3950,9004,NORMAL
0,"0,577474175",0,"0,062365591",0,0,796,22,F,929,0,42200,OTHER,3950,9004,NORMAL
0,"0,577474175",0,"0,062365591",0,0,796,22,F,929,0,42201,OTHER,3950,9004,NORMAL
0,"0,577474175",0,"0,062365591",0,0,796,22,F,929,0,42203,OTHER,3950,9004,NORMAL
0,"0,577474175",0,"0,062365591",0,0,796,22,F,929,0,42202,OTHER,3950,9004,NORMAL
0,"0,339330335",0,"0,010411244",0,0,22960,22,M,1920,0,207940,OTHER,3950,9004,NORMAL
0,"0,339330335",0,"0,010411244",0,0,22960,22,M,1920,0,207939,OTHER,3950,9004,NORMAL
0,"0,149900067",0,"0,078494624",0,0,1158,22,F,929,0,44849,OTHER,3950,9004,NORMAL
0,"0,149900067",0,"0,078494624",0,0,1158,22,F,929,0,44846,OTHER,3950,9004,NORMAL
0,"0,149900067",0,"0,078494624",0,0,1158,22,F,929,0,44845,OTHER,3950,9004,NORMAL
0,"0,149900067",0,"0,078494624",0,0,1158,22,F,929,0,44847,OTHER,3950,9004,NORMAL
0,"0,149900067",0,"0,078494624",0,0,1158,22,F,929,0,44848,OTHER,3950,9004,NORMAL
0,"0,548181061",0,"0,027429103",0,0,17528,22,M,2150,0,166860,OTHER,3950,9004,NORMAL
0,"0,548181061",0,"0,027429103",0,0,17528,22,M,2150,0,166861,OTHER,3950,9004,NORMAL
0,"0,548181061",0,"0,027429103",0,0,17528,22,M,2150,0,166859,OTHER,3950,9004,NORMAL
0,"0,9999999",0,"0,138557638",0,0,7252,22,M,1760,0,89960,OTHER,3950,9004,NORMAL
0,"1,007984032",0,"0,007890584",0,0,15572,22,M,1900,0,152448,OTHER,3950,9004,NORMAL
0,"0,043956044",0,"0,001218027",0,0,35846,22,F,820,0,304247,OTHER,3950,9004,NORMAL
0,"0,043956044",0,"0,001218027",0,0,35846,22,F,820,0,304246,OTHER,3950,9004,NORMAL
0,"0,9999999",0,"0,033305579",0,0,12798,22,F,1200,0,,,3950,9004,NORMAL
0,"0,0999001",0,"0,00487013",0,0,23513,22,F,615,0,212257,OTHER,3950,9004,NORMAL
0,"0,0999001",0,"0,00487013",0,0,23513,22,F,615,0,212256,OTHER,3950,9004,NORMAL
0,"0,0999001",0,"0,00487013",0,0,23513,22,F,615,0,212255,OTHER,3950,9004,NORMAL
2,"0,774032459",0,"0,35828877",0,0,9401,22,F,1308,0,106258,OTHER,3950,9004,NORMAL
2,"0,774032459",0,"0,35828877",0,0,9401,22,F,1308,0,106256,OTHER,3950,9004,NORMAL
2,"0,774032459",0,"0,35828877",0,0,9401,22,F,1308,0,106257,OTHER,3950,9004,NORMAL
0,"0,873126873",0,"0,025974026",0,0,771,22,M,1000,0,42041,OTHER,3950,9004,NORMAL
0,"0,873126873",0,"0,025974026",0,0,771,22,M,1000,0,42042,OTHER,3950,9004,NORMAL
0,"0,396377838",0,"0,281599059",0,0,7700,22,M,1700,0,93378,OTHER,3950,9004,NORMAL
0,"0,396377838",0,"0,281599059",0,0,7700,22,M,1700,0,93377,OTHER,3950,9004,NORMAL
0,"0,396377838",0,"0,281599059",0,0,7700,22,M,1700,0,93376,OTHER,3950,9004,NORMAL
0,"0,089871612",0,"0,002217295",0,0,35583,22,M,450,0,302316,OTHER,3950,9004,NORMAL
0,"0,239520958",0,"0,064935065",0,0,35562,22,M,1000,0,302116,OTHER,3950,9004,NORMAL
0,"0,239520958",0,"0,064935065",0,0,35562,22,M,1000,0,302117,OTHER,3950,9004,NORMAL
0,"0,239520958",0,"0,064935065",0,0,35562,22,M,1000,0,302115,OTHER,3950,9004,NORMAL
0,"0,772025431",0,"0,019215988",0,0,21325,22,M,1300,0,195660,OTHER,3950,9004,NORMAL
0,"0,9999999",0,0,0,0,35368,23,M,0,0,300686,OTHER,3950,9004,NORMAL
0,"0,9999999",0,0,0,0,252,23,M,800,0,,,3950,9004,NORMAL
0,0,0,0,0,0,10501,23,F,820,0,114508,OTHER,3950,9004,NORMAL
0,0,0,0,0,0,22633,23,F,898,0,205596,OTHER,3950,9004,NORMAL
0,0,0,0,0,0,3569,23,M,0,0,62686,OTHER,3950,9004,NORMAL
0,"0,9999999",0,0,0,0,13724,23,F,,0,138641,OTHER,3950,9004,NORMAL
0,"0,9999999",0,0,0,0,32806,23,F,864,0,281808,OTHER,3950,9004,NORMAL
0,0,0,0,0,0,30006,23,F,898,0,260818,OTHER,3950,9004,NORMAL
0,"0,9999999",0,0,0,0,29602,23,M,820,0,257692,OTHER,3950,9004,NORMAL
0,0,0,0,0,0,33482,23,M,898,0,286884,OTHER,3950,9004,NORMAL
0,0,0,0,0,0,30006,23,F,898,0,260817,OTHER,3950,9004,NORMAL
0,"0,9999999",0,0,0,0,7328,23,M,,0,,,3950,9004,NORMAL
0,"0,9999999",0,0,0,0,19010,23,F,,0,,,3950,9004,NORMAL
0,"0,002999",0,0,0,0,16887,23,M,1500,0,162126,OTHER,3950,9004,NORMAL
0,"0,011988012",0,0,0,0,9350,23,F,864,0,105920,OTHER,3950,9004,NORMAL
0,0,0,0,0,0,29965,23,M,,0,260452,OTHER,3950,9004,NORMAL
0,"0,9999999",0,0,0,0,23215,23,M,898,0,209842,OTHER,3950,9004,NORMAL
0,"0,9999999",0,0,0,0,2262,23,M,1200,0,52838,OTHER,3950,9004,NORMAL
0,0,0,0,0,0,16571,23,M,2100,0,159959,OTHER,3950,9004,NORMAL
1,0,1,0,0,0,4341,23,F,898,0,68255,OTHER,3950,9004,NORMAL
0,"0,011988012",0,0,0,0,9350,23,F,864,0,105919,OTHER,3950,9004,NORMAL
0,"0,002999",0,0,0,0,16887,23,M,1500,0,162128,OTHER,3950,9004,NORMAL
0,0,0,0,0,0,22633,23,F,898,0,205597,OTHER,3950,9004,NORMAL
1,0,1,0,0,0,4341,23,F,898,0,68256,OTHER,3950,9004,NORMAL
0,"0,002999",0,0,0,0,16887,23,M,1500,0,162129,OTHER,3950,9004,NORMAL
0,"0,006996502",0,0,0,0,4724,23,F,2557,0,71092,OTHER,3950,9004,NORMAL
0,0,0,0,0,0,23258,23,F,2500,0,210162,OTHER,3950,9004,NORMAL
0,"0,002068252",0,0,0,0,26128,23,M,3000,0,231511,OTHER,3950,9004,NORMAL
0,0,0,0,0,0,16571,23,M,2100,0,159960,OTHER,3950,9004,NORMAL
0,"0,9999999",0,0,0,0,9347,23,M,0,0,105910,OTHER,3950,9004,NORMAL
0,"0,9999999",0,0,0,0,23738,23,F,1120,0,213904,OTHER,3950,9004,NORMAL
98,"0,9999999",98,0,98,0,31655,23,M,,,,,3950,9004,NORMAL
0,"0,006996502",0,0,0,0,4724,23,F,2557,0,71093,OTHER,3950,9004,NORMAL
0,"0,9999999",0,0,0,0,5558,23,F,3000,0,,,3950,9004,NORMAL
0,"0,9999999",0,0,0,0,20127,23,M,500,0,186568,OTHER,3950,9004,NORMAL
0,0,0,0,0,0,34072,23,M,,0,291162,OTHER,3950,9004,NORMAL
0,0,0,0,0,0,23258,23,F,2500,0,210163,OTHER,3950,9004,NORMAL
0,"0,9999999",0,0,0,0,31732,23,M,929,0,273857,OTHER,3950,9004,NORMAL
0,"0,002999",0,0,0,0,16887,23,M,1500,0,162127,OTHER,3950,9004,NORMAL
0,"0,9999999",0,0,0,0,31732,23,M,929,0,273858,OTHER,3950,9004,NORMAL
0,0,0,0,0,0,10501,23,F,820,0,114509,OTHER,3950,9004,NORMAL
0,"0,002068252",0,0,0,0,26128,23,M,3000,0,231512,OTHER,3950,9004,NORMAL
1,"0,9999999",0,0,0,0,10498,23,F,770,0,,,3950,9004,NORMAL
0,"0,009993338",0,0,0,0,2129,23,M,898,0,51805,OTHER,3950,9004,NORMAL
0,"0,009993338",0,0,0,0,2129,23,M,898,0,51806,OTHER,3950,9004,NORMAL
0,0,0,0,0,0,2757,23,M,,,56482,OTHER,3950,9004,NORMAL
0,"0,9999999",0,0,0,0,23738,23,F,1120,0,213903,OTHER,3950,9004,NORMAL
0,0,0,0,0,0,34072,23,M,,0,291163,OTHER,3950,9004,NORMAL
0,0,0,0,0,0,33482,23,M,898,0,286883,OTHER,3950,9004,NORMAL
0,"0,9999999",0,0,0,0,24255,23,M,1000,0,217705,OTHER,3950,9004,NORMAL
0,"0,9999999",0,2,0,0,20887,23,M,,,,,3950,9004,NORMAL
0,"0,07992008",0,2,0,0,23337,23,M,0,0,210824,OTHER,3950,9004,NORMAL
0,"0,9999999",0,4,0,0,21989,23,M,,,200858,OTHER,3950,9004,NORMAL
0,"0,056928631",0,6,0,0,29627,23,M,0,0,257873,OTHER,3950,9004,NORMAL
0,"0,280898876",0,6,0,0,33365,23,M,0,0,285942,OTHER,3950,9004,NORMAL
0,"0,056928631",0,6,0,0,29627,23,M,0,0,257874,OTHER,3950,9004,NORMAL
0,"0,9999999",0,12,0,0,15497,23,M,,,,,3950,9004,NORMAL
0,"0,226386807",0,13,0,0,1782,23,M,0,0,49254,OTHER,3950,9004,NORMAL
0,"0,226386807",0,13,0,0,1782,23,M,0,0,49253,OTHER,3950,9004,NORMAL
0,"0,938123752",0,14,0,0,15726,23,F,,0,153537,OTHER,3950,9004,NORMAL
0,"0,657342657",0,19,0,0,7334,23,M,0,0,90586,OTHER,3950,9004,NORMAL
0,"0,657342657",0,19,0,0,7334,23,M,0,0,90587,OTHER,3950,9004,NORMAL
0,"0,9999999",0,25,0,0,11842,23,M,1,0,124316,OTHER,3950,9004,NORMAL
0,"0,9999999",0,25,0,0,11842,23,M,1,0,124315,OTHER,3950,9004,NORMAL
0,"0,522674865",0,40,0,0,6958,23,F,,0,87634,OTHER,3950,9004,NORMAL
0,"0,9999999",0,60,0,0,18765,23,M,,0,,,3950,9004,NORMAL
0,"1,022790884",0,152,0,0,31301,23,F,,0,270583,OTHER,3950,9004,NORMAL
0,"0,9999999",0,152,0,0,29260,23,M,0,0,255047,OTHER,3950,9004,NORMAL
0,"1,022790884",0,152,0,0,31301,23,F,,0,270585,OTHER,3950,9004,NORMAL
0,"1,022790884",0,152,0,0,31301,23,F,,0,270586,OTHER,3950,9004,NORMAL
0,"0,9999999",0,152,0,0,29260,23,M,0,0,255046,OTHER,3950,9004,NORMAL
0,"1,022790884",0,152,0,0,31301,23,F,,0,270584,OTHER,3950,9004,NORMAL
0,"0,9999999",0,1,0,0,24679,23,F,,,220838,OTHER,3950,9004,NORMAL
0,"1,005712654",1,1092,0,0,69,23,M,,0,37064,OTHER,3950,9004,NORMAL
0,"1,005712654",1,1092,0,0,69,23,M,,0,37063,OTHER,3950,9004,NORMAL
0,"1,005712654",1,1092,0,0,69,23,M,,0,37067,OTHER,3950,9004,NORMAL
0,"1,005712654",1,1092,0,0,69,23,M,,0,37066,OTHER,3950,9004,NORMAL
0,"1,005712654",1,1092,0,0,69,23,M,,0,37065,OTHER,3950,9004,NORMAL
0,"1,005712654",1,1092,0,0,69,23,M,,0,37062,OTHER,3950,9004,NORMAL
0,"1,005712654",1,1092,0,0,69,23,M,,0,37061,OTHER,3950,9004,NORMAL
0,"0,9999999",0,249,0,0,879,23,F,0,0,42796,OTHER,3950,9004,NORMAL
0,"0,9999999",0,582,0,0,3314,23,M,,0,60729,OTHER,3950,9004,NORMAL
0,"0,043912176",0,85,0,0,2308,23,M,,,53135,OTHER,3950,9004,NORMAL
0,"0,043912176",0,85,0,0,2308,23,M,,,53134,OTHER,3950,9004,NORMAL
0,"0,043912176",0,85,0,0,2308,23,M,,,53133,OTHER,3950,9004,NORMAL
1,"1,155527795",1,687,1,1,19807,23,M,,0,184038,OTHER,3950,9004,NORMAL
1,"1,155527795",1,687,1,1,19807,23,M,,0,184039,OTHER,3950,9004,NORMAL
1,"1,155527795",1,687,1,1,19807,23,M,,0,184040,OTHER,3950,9004,NORMAL
0,"0,95802099",1,61,0,0,32564,23,F,,,280081,OTHER,3950,9004,NORMAL
0,"0,95802099",1,61,0,0,32564,23,F,,,280082,OTHER,3950,9004,NORMAL
0,"0,183810806",0,98,0,0,27773,23,F,,,243799,OTHER,3950,9004,NORMAL
0,"0,183810806",0,98,0,0,27773,23,F,,,243798,OTHER,3950,9004,NORMAL
0,"0,183810806",0,98,0,0,27773,23,F,,,243801,OTHER,3950,9004,NORMAL
0,"0,183810806",0,98,0,0,27773,23,F,,,243800,OTHER,3950,9004,NORMAL
0,"0,183810806",0,98,0,0,27773,23,F,,,243802,OTHER,3950,9004,NORMAL
0,"0,999836815",1,188,0,0,785,23,M,,2,42131,OTHER,3950,9004,NORMAL
0,"0,999836815",1,188,0,0,785,23,M,,2,42132,OTHER,3950,9004,NORMAL
0,"0,874742723",0,264,0,0,16383,23,M,,0,158489,OTHER,3950,9004,NORMAL
0,"0,874742723",0,264,0,0,16383,23,M,,0,158488,OTHER,3950,9004,NORMAL
0,"0,9999999",0,"0,146810146",0,0,9808,23,M,1300,1,109242,OTHER,3950,9004,NORMAL
0,"0,9999999",0,"0,146810146",0,0,9808,23,M,1300,1,109241,OTHER,3950,9004,NORMAL
0,"0,474262869",0,"0,011336982",0,0,398,23,F,2557,0,39324,OTHER,3950,9004,NORMAL
0,"0,474262869",0,"0,011336982",0,0,398,23,F,2557,0,39323,OTHER,3950,9004,NORMAL
0,"0,474262869",0,"0,011336982",0,0,398,23,F,2557,0,39322,OTHER,3950,9004,NORMAL
0,"0,337052601",0,"0,043643264",0,0,3546,23,F,1580,0,62465,OTHER,3950,9004,NORMAL
0,"0,337052601",0,"0,043643264",0,0,3546,23,F,1580,0,62467,OTHER,3950,9004,NORMAL
0,"0,337052601",0,"0,043643264",0,0,3546,23,F,1580,0,62466,OTHER,3950,9004,NORMAL
0,"0,337052601",0,"0,043643264",0,0,3546,23,F,1580,0,62468,OTHER,3950,9004,NORMAL
0,"0,057823696",0,"0,002701972",0,0,2991,23,M,3700,0,58337,OTHER,3950,9004,NORMAL
0,"0,057823696",0,"0,002701972",0,0,2991,23,M,3700,0,58339,OTHER,3950,9004,NORMAL
0,"0,057823696",0,"0,002701972",0,0,2991,23,M,3700,0,58338,OTHER,3950,9004,NORMAL
0,"0,057823696",0,"0,002701972",0,0,2991,23,M,3700,0,58336,OTHER,3950,9004,NORMAL
0,0,0,"0,592039801",0,0,1791,23,M,200,0,49303,OTHER,3950,9004,NORMAL
0,"0,739086971",0,"0,036646308",0,0,28293,23,F,1800,0,247755,OTHER,3950,9004,NORMAL
0,"0,305651672",0,"0,224855491",0,0,31237,23,M,1729,0,270127,OTHER,3950,9004,NORMAL
0,"0,305651672",0,"0,224855491",0,0,31237,23,M,1729,0,270126,OTHER,3950,9004,NORMAL
0,"0,305651672",0,"0,224855491",0,0,31237,23,M,1729,0,270125,OTHER,3950,9004,NORMAL
0,"0,305651672",0,"0,224855491",0,0,31237,23,M,1729,0,270129,OTHER,3950,9004,NORMAL
0,"0,305651672",0,"0,224855491",0,0,31237,23,M,1729,0,270128,OTHER,3950,9004,NORMAL
0,"0,028985507",0,"0,027027027",1,0,5513,23,F,2700,0,76908,OTHER,3950,9004,NORMAL
0,"0,028985507",0,"0,027027027",1,0,5513,23,F,2700,0,76906,OTHER,3950,9004,NORMAL
0,"0,028985507",0,"0,027027027",1,0,5513,23,F,2700,0,76910,OTHER,3950,9004,NORMAL
0,"0,028985507",0,"0,027027027",1,0,5513,23,F,2700,0,76907,OTHER,3950,9004,NORMAL
0,"0,028985507",0,"0,027027027",1,0,5513,23,F,2700,0,76909,OTHER,3950,9004,NORMAL
0,"0,218520986",0,"0,010011123",0,0,6476,23,F,898,0,83958,OTHER,3950,9004,NORMAL
0,"0,218520986",0,"0,010011123",0,0,6476,23,F,898,0,83957,OTHER,3950,9004,NORMAL
0,"0,218520986",0,"0,010011123",0,0,6476,23,F,898,0,83959,OTHER,3950,9004,NORMAL
0,"0,337325349",0,"0,008174387",0,0,26832,23,M,1100,0,236795,OTHER,3950,9004,NORMAL
0,"0,337325349",0,"0,008174387",0,0,26832,23,M,1100,0,236796,OTHER,3950,9004,NORMAL
0,"0,9999999",0,"0,208657048",0,0,35480,23,M,900,0,301457,OTHER,3950,9004,NORMAL
0,"0,9999999",0,"0,208657048",0,0,35480,23,M,900,0,301458,OTHER,3950,9004,NORMAL
0,"0,784431138",0,"0,011827957",0,0,11223,23,M,929,0,119704,OTHER,3950,9004,NORMAL
0,"0,784431138",0,"0,011827957",0,0,11223,23,M,929,0,119705,OTHER,3950,9004,NORMAL
0,0,0,"0,047311828",0,0,34378,23,F,929,0,293661,OTHER,3950,9004,NORMAL
0,"0,9999999",0,"0,000832639",0,0,28152,23,M,1200,0,246677,OTHER,3950,9004,NORMAL
0,"0,025135676",0,"0,002150538",0,0,30413,23,F,929,0,263982,OTHER,3950,9004,NORMAL
0,"0,025135676",0,"0,002150538",0,0,30413,23,F,929,0,263981,OTHER,3950,9004,NORMAL
0,"0,025135676",0,"0,002150538",0,0,30413,23,F,929,0,263983,OTHER,3950,9004,NORMAL
0,"0,014628275",0,"0,004872107",0,0,5687,23,M,820,0,78097,OTHER,3950,9004,NORMAL
0,"0,014628275",0,"0,004872107",0,0,5687,23,M,820,0,78095,OTHER,3950,9004,NORMAL
0,"0,014628275",0,"0,004872107",0,0,5687,23,M,820,0,78096,OTHER,3950,9004,NORMAL
0,"1,113772455",0,"0,006765328",0,0,17810,23,F,2364,0,168981,OTHER,3950,9004,NORMAL
0,"0,045823787",0,"0,001713796",0,0,14274,23,M,3500,0,142671,OTHER,3950,9004,NORMAL
0,"0,629370629",0,"0,006920415",0,0,16494,23,M,2600,0,159337,OTHER,3950,9004,NORMAL
0,"0,058660149",0,"0,059100265",0,0,29688,23,M,3400,0,258344,OTHER,3950,9004,NORMAL
0,"0,058660149",0,"0,059100265",0,0,29688,23,M,3400,0,258342,OTHER,3950,9004,NORMAL
0,"0,058660149",0,"0,059100265",0,0,29688,23,M,3400,0,258341,OTHER,3950,9004,NORMAL
0,"0,058660149",0,"0,059100265",0,0,29688,23,M,3400,0,258343,OTHER,3950,9004,NORMAL
0,"0,058660149",0,"0,059100265",0,0,29688,23,M,3400,0,258340,OTHER,3950,9004,NORMAL
0,"0,077134986",0,"0,086765294",0,0,34758,23,F,2500,0,296385,OTHER,3950,9004,NORMAL
0,"0,077134986",0,"0,086765294",0,0,34758,23,F,2500,0,296388,OTHER,3950,9004,NORMAL
0,"0,077134986",0,"0,086765294",0,0,34758,23,F,2500,0,296386,OTHER,3950,9004,NORMAL
0,"0,077134986",0,"0,086765294",0,0,34758,23,F,2500,0,296387,OTHER,3950,9004,NORMAL
0,"0,379554982",0,"0,011662779",0,0,6769,23,M,3000,0,86129,OTHER,3950,9004,NORMAL
0,"0,379554982",0,"0,011662779",0,0,6769,23,M,3000,0,86131,OTHER,3950,9004,NORMAL
0,"0,379554982",0,"0,011662779",0,0,6769,23,M,3000,0,86130,OTHER,3950,9004,NORMAL
0,"0,5982009",0,"0,008972058",0,0,24571,23,M,3900,0,220023,OTHER,3950,9004,NORMAL
0,"0,5982009",0,"0,008972058",0,0,24571,23,M,3900,0,220024,OTHER,3950,9004,NORMAL
0,"0,181636727",0,"0,0009995",0,0,14059,23,F,2000,0,141080,OTHER,3950,9004,NORMAL
0,"0,181636727",0,"0,0009995",0,0,14059,23,F,2000,0,141079,OTHER,3950,9004,NORMAL
0,"0,9999999",0,"0,146204311",0,0,20894,23,M,3200,0,192483,OTHER,3950,9004,NORMAL
0,"0,9999999",1,"0,004497751",0,0,19133,23,F,2000,0,179000,OTHER,3950,9004,NORMAL
0,"0,108564296",0,"0,035294118",0,0,7540,23,M,3229,0,92171,OTHER,3950,9004,NORMAL
0,"0,108564296",0,"0,035294118",0,0,7540,23,M,3229,0,92172,OTHER,3950,9004,NORMAL
0,"0,108564296",0,"0,035294118",0,0,7540,23,M,3229,0,92169,OTHER,3950,9004,NORMAL
0,"0,108564296",0,"0,035294118",0,0,7540,23,M,3229,0,92170,OTHER,3950,9004,NORMAL
0,"0,108564296",0,"0,035294118",0,0,7540,23,M,3229,0,92167,OTHER,3950,9004,NORMAL
0,"0,108564296",0,"0,035294118",0,0,7540,23,M,3229,0,92168,OTHER,3950,9004,NORMAL
0,"0,9999999",0,"0,184815185",0,0,1831,23,M,1000,0,49610,OTHER,3950,9004,NORMAL
0,"0,9999999",0,"0,184815185",0,0,1831,23,M,1000,0,49611,OTHER,3950,9004,NORMAL
0,0,1,"0,150499706",0,0,20830,23,F,1700,0,191961,OTHER,3950,9004,NORMAL
0,0,1,"0,150499706",0,0,20830,23,F,1700,0,191963,OTHER,3950,9004,NORMAL
0,0,1,"0,150499706",0,0,20830,23,F,1700,0,191960,OTHER,3950,9004,NORMAL
0,0,1,"0,150499706",0,0,20830,23,F,1700,0,191962,OTHER,3950,9004,NORMAL
0,"0,102779444",0,"0,009135201",0,0,6329,23,M,1641,0,82896,OTHER,3950,9004,NORMAL
0,"0,9999999",1,"0,028017241",0,0,29248,23,M,1855,0,254962,OTHER,3950,9004,NORMAL
0,"0,9999999",1,"0,028017241",0,0,29248,23,M,1855,0,254961,OTHER,3950,9004,NORMAL
0,"0,9999999",0,"0,091973722",0,0,25780,23,M,3500,0,228985,OTHER,3950,9004,NORMAL
0,"0,9999999",0,"0,091973722",0,0,25780,23,M,3500,0,228986,OTHER,3950,9004,NORMAL
0,"0,058985254",0,"0,003242542",0,0,22033,23,F,3083,0,201133,OTHER,3950,9004,NORMAL
0,"0,058985254",0,"0,003242542",0,0,22033,23,F,3083,0,201136,OTHER,3950,9004,NORMAL
0,"0,058985254",0,"0,003242542",0,0,22033,23,F,3083,0,201135,OTHER,3950,9004,NORMAL
0,"0,058985254",0,"0,003242542",0,0,22033,23,F,3083,0,201134,OTHER,3950,9004,NORMAL
0,"0,179213857",0,"0,008602151",0,0,34629,23,M,929,0,295427,OTHER,3950,9004,NORMAL
0,"0,19320453",0,"0,008602151",0,0,17316,23,F,929,0,165374,OTHER,3950,9004,NORMAL
0,"0,19320453",0,"0,008602151",0,0,17316,23,F,929,0,165375,OTHER,3950,9004,NORMAL
0,"0,9999999",0,"0,208704772",0,0,16614,23,M,1906,1,160244,OTHER,3950,9004,NORMAL
0,"0,9999999",0,"0,208704772",0,0,16614,23,M,1906,1,160245,OTHER,3950,9004,NORMAL
0,"0,9999999",0,"0,208704772",0,0,16614,23,M,1906,1,160243,OTHER,3950,9004,NORMAL
0,"0,9999999",0,"0,151658768",0,0,10655,23,M,3586,1,115675,OTHER,3950,9004,NORMAL
0,"0,079384479",0,"0,054339328",0,0,18888,23,M,2557,0,177256,OTHER,3950,9004,NORMAL
0,"0,079384479",0,"0,054339328",0,0,18888,23,M,2557,0,177253,OTHER,3950,9004,NORMAL
0,"0,079384479",0,"0,054339328",0,0,18888,23,M,2557,0,177254,OTHER,3950,9004,NORMAL
0,"0,079384479",0,"0,054339328",0,0,18888,23,M,2557,0,177251,OTHER,3950,9004,NORMAL
0,"0,079384479",0,"0,054339328",0,0,18888,23,M,2557,0,177252,OTHER,3950,9004,NORMAL
0,"0,079384479",0,"0,054339328",0,0,18888,23,M,2557,0,177257,OTHER,3950,9004,NORMAL
0,"0,079384479",0,"0,054339328",0,0,18888,23,M,2557,0,177255,OTHER,3950,9004,NORMAL
0,"0,101159536",0,"0,008526188",0,0,11378,23,F,820,0,120824,OTHER,3950,9004,NORMAL
0,"0,101159536",0,"0,008526188",0,0,11378,23,F,820,0,120825,OTHER,3950,9004,NORMAL
0,"0,022362536",0,"0,088771311",0,0,22278,23,F,1700,0,202983,OTHER,3950,9004,NORMAL
0,"0,022362536",0,"0,088771311",0,0,22278,23,F,1700,0,202982,OTHER,3950,9004,NORMAL
0,"0,764522174",0,"0,283143371",0,0,1027,23,M,1666,0,43843,OTHER,3950,9004,NORMAL
0,"0,764522174",0,"0,283143371",0,0,1027,23,M,1666,0,43845,OTHER,3950,9004,NORMAL
0,"0,764522174",0,"0,283143371",0,0,1027,23,M,1666,0,43844,OTHER,3950,9004,NORMAL
0,"0,764522174",0,"0,283143371",0,0,1027,23,M,1666,0,991,REAL ESTATE,3950,9004,NORMAL
0,"0,764522174",0,"0,283143371",0,0,1027,23,M,1666,0,43842,OTHER,3950,9004,NORMAL
0,"0,8203415",0,"0,112221864",0,0,26602,23,M,3100,0,235046,OTHER,3950,9004,NORMAL
0,"0,8203415",0,"0,112221864",0,0,26602,23,M,3100,0,235043,OTHER,3950,9004,NORMAL
0,"0,8203415",0,"0,112221864",0,0,26602,23,M,3100,0,235045,OTHER,3950,9004,NORMAL
0,"0,8203415",0,"0,112221864",0,0,26602,23,M,3100,0,235044,OTHER,3950,9004,NORMAL
0,"0,8203415",0,"0,112221864",0,0,26602,23,M,3100,0,235042,OTHER,3950,9004,NORMAL
0,"0,513641756",0,"0,315488936",0,0,25057,23,M,1400,0,223536,OTHER,3950,9004,NORMAL
0,"0,513641756",0,"0,315488936",0,0,25057,23,M,1400,0,223535,OTHER,3950,9004,NORMAL
0,"0,513641756",0,"0,315488936",0,0,25057,23,M,1400,0,223537,OTHER,3950,9004,NORMAL
0,"0,054198134",0,"0,009966777",0,0,20319,23,F,300,0,188177,OTHER,3950,9004,NORMAL
0,"0,054198134",0,"0,009966777",0,0,20319,23,F,300,0,188178,OTHER,3950,9004,NORMAL
0,"0,054198134",0,"0,009966777",0,0,20319,23,F,300,0,188179,OTHER,3950,9004,NORMAL
0,0,1,"0,197667962",0,0,18508,23,M,1800,0,174320,OTHER,3950,9004,NORMAL
0,0,1,"0,197667962",0,0,18508,23,M,1800,0,174321,OTHER,3950,9004,NORMAL
0,0,1,"0,197667962",0,0,18508,23,M,1800,0,174319,OTHER,3950,9004,NORMAL
0,"0,075898802",0,"0,002493766",0,0,10352,23,M,400,0,113346,OTHER,3950,9004,NORMAL
0,"0,492311818",0,"0,160335866",0,0,23709,23,M,2500,0,213690,OTHER,3950,9004,NORMAL
0,"0,492311818",0,"0,160335866",0,0,23709,23,M,2500,0,213694,OTHER,3950,9004,NORMAL
0,"0,492311818",0,"0,160335866",0,0,23709,23,M,2500,0,213693,OTHER,3950,9004,NORMAL
0,"0,492311818",0,"0,160335866",0,0,23709,23,M,2500,0,213688,OTHER,3950,9004,NORMAL
0,"0,492311818",0,"0,160335866",0,0,23709,23,M,2500,0,213692,OTHER,3950,9004,NORMAL
0,"0,492311818",0,"0,160335866",0,0,23709,23,M,2500,0,213689,OTHER,3950,9004,NORMAL
0,"0,492311818",0,"0,160335866",0,0,23709,23,M,2500,0,213691,OTHER,3950,9004,NORMAL
0,"0,280719281",0,"0,093548387",0,0,15354,23,M,929,0,150672,OTHER,3950,9004,NORMAL
0,"0,280719281",0,"0,093548387",0,0,15354,23,M,929,0,150671,OTHER,3950,9004,NORMAL
0,"0,369315342",0,"0,027465668",0,0,11474,23,M,800,0,121574,OTHER,3950,9004,NORMAL
0,"0,369315342",0,"0,027465668",0,0,11474,23,M,800,0,121576,OTHER,3950,9004,NORMAL
0,"0,369315342",0,"0,027465668",0,0,11474,23,M,800,0,121575,OTHER,3950,9004,NORMAL
0,"0,369315342",0,"0,027465668",0,0,11474,23,M,800,0,121577,OTHER,3950,9004,NORMAL
0,"0,15810995",0,"0,007686395",0,0,31183,23,M,1300,0,269807,OTHER,3950,9004,NORMAL
0,"0,24870052",0,"0,598442714",0,0,23044,23,F,898,0,208598,OTHER,3950,9004,NORMAL
0,"0,24870052",0,"0,598442714",0,0,23044,23,F,898,0,208599,OTHER,3950,9004,NORMAL
0,"0,24870052",0,"0,598442714",0,0,23044,23,F,898,0,208597,OTHER,3950,9004,NORMAL
0,0,0,"0,163215591",0,0,22256,23,F,820,0,202848,OTHER,3950,9004,NORMAL
0,0,0,"0,163215591",0,0,22256,23,F,820,0,202847,OTHER,3950,9004,NORMAL
0,"1,03996004",1,"0,185876083",0,0,6411,23,M,1500,0,83445,OTHER,3950,9004,NORMAL
0,"1,03996004",1,"0,185876083",0,0,6411,23,M,1500,0,83444,OTHER,3950,9004,NORMAL
0,"0,9999999",0,"0,085975436",0,0,3996,23,F,3500,1,65743,OTHER,3950,9004,NORMAL
0,"0,9999999",0,"0,085975436",0,0,3996,23,F,3500,1,65744,OTHER,3950,9004,NORMAL
0,"0,9999999",0,"0,085975436",0,0,3996,23,F,3500,1,65742,OTHER,3950,9004,NORMAL
0,"0,035755479",0,"0,002614379",0,0,16136,23,F,764,0,156546,OTHER,3950,9004,NORMAL
0,"0,035755479",0,"0,002614379",0,0,16136,23,F,764,0,156545,OTHER,3950,9004,NORMAL
0,"0,035755479",0,"0,002614379",0,0,16136,23,F,764,0,156544,OTHER,3950,9004,NORMAL
0,"0,440519827",0,"0,00389961",0,0,4720,23,M,10000,0,71069,OTHER,3950,9004,NORMAL
0,"0,440519827",0,"0,00389961",0,0,4720,23,M,10000,0,71070,OTHER,3950,9004,NORMAL
0,"0,9999999",0,"0,242876526",0,0,35680,23,M,736,0,303070,OTHER,3950,9004,NORMAL
0,"0,9999999",0,"0,107892108",0,0,2393,23,F,1000,0,53741,OTHER,3950,9004,NORMAL
0,"0,9999999",0,"0,007308161",0,0,30323,23,M,820,0,263217,OTHER,3950,9004,NORMAL
0,"0,270486342",0,"0,014616322",0,0,24688,23,M,820,0,220877,OTHER,3950,9004,NORMAL
0,"0,006993007",0,"0,086522463",0,0,33904,23,F,600,0,289999,OTHER,3950,9004,NORMAL
0,"0,006993007",0,"0,086522463",0,0,33904,23,F,600,0,290000,OTHER,3950,9004,NORMAL
0,"0,029492627",0,"0,000789266",0,0,28029,23,M,3800,0,245755,OTHER,3950,9004,NORMAL
0,"0,029492627",0,"0,000789266",0,0,28029,23,M,3800,0,245754,OTHER,3950,9004,NORMAL
0,"0,263473054",0,"0,112565445",0,0,2686,23,F,1527,0,55889,OTHER,3950,9004,NORMAL
0,"0,263473054",0,"0,112565445",0,0,2686,23,F,1527,0,55890,OTHER,3950,9004,NORMAL
0,"0,9999999",0,"0,069936421",0,0,24963,23,M,1100,0,222890,OTHER,3950,9004,NORMAL
0,"1,070619587",0,"0,058465286",0,0,337,23,M,820,0,38867,OTHER,3950,9004,NORMAL
0,"1,070619587",0,"0,058465286",0,0,337,23,M,820,0,38866,OTHER,3950,9004,NORMAL
1,"0,9999999",1,"0,068931881",0,0,18974,23,M,6150,0,177858,OTHER,3950,9004,NORMAL
1,"0,9999999",1,"0,068931881",0,0,18974,23,M,6150,0,177856,OTHER,3950,9004,NORMAL
1,"0,9999999",1,"0,068931881",0,0,18974,23,M,6150,0,177857,OTHER,3950,9004,NORMAL
1,"0,9999999",1,"0,068931881",0,0,18974,23,M,6150,0,177855,OTHER,3950,9004,NORMAL
0,"0,996007984",0,"0,003054101",0,0,3232,23,M,4583,0,60160,OTHER,3950,9004,NORMAL
0,"0,269092363",0,"0,079250247",0,0,8628,23,M,3040,0,100255,OTHER,3950,9004,NORMAL
0,"0,269092363",0,"0,079250247",0,0,8628,23,M,3040,0,100256,OTHER,3950,9004,NORMAL
0,"0,269092363",0,"0,079250247",0,0,8628,23,M,3040,0,100254,OTHER,3950,9004,NORMAL